[{"model": "admin.logentry", "pk": 1, "fields": {"action_time": "2024-04-25T15:42:32.347Z", "user": 1, "content_type": 7, "object_id": "1", "object_repr": "abcd", "action_flag": 1, "change_message": "[{\"added\": {}}]"}}, {"model": "admin.logentry", "pk": 2, "fields": {"action_time": "2024-04-25T16:10:07.666Z", "user": 1, "content_type": 7, "object_id": "1", "object_repr": "abcd", "action_flag": 3, "change_message": ""}}, {"model": "admin.logentry", "pk": 3, "fields": {"action_time": "2024-04-27T08:13:55.891Z", "user": 1, "content_type": 7, "object_id": "2", "object_repr": "Banana", "action_flag": 1, "change_message": "[{\"added\": {}}]"}}, {"model": "admin.logentry", "pk": 4, "fields": {"action_time": "2024-04-27T08:15:05.596Z", "user": 1, "content_type": 7, "object_id": "3", "object_repr": "Cabbage", "action_flag": 1, "change_message": "[{\"added\": {}}]"}}, {"model": "admin.logentry", "pk": 5, "fields": {"action_time": "2024-04-27T08:16:19.610Z", "user": 1, "content_type": 7, "object_id": "4", "object_repr": "Carrots", "action_flag": 1, "change_message": "[{\"added\": {}}]"}}, {"model": "admin.logentry", "pk": 6, "fields": {"action_time": "2024-04-27T08:17:37.798Z", "user": 1, "content_type": 7, "object_id": "5", "object_repr": "Eggplant", "action_flag": 1, "change_message": "[{\"added\": {}}]"}}, {"model": "admin.logentry", "pk": 7, "fields": {"action_time": "2024-04-27T08:19:30.838Z", "user": 1, "content_type": 7, "object_id": "6", "object_repr": "Garlic", "action_flag": 1, "change_message": "[{\"added\": {}}]"}}, {"model": "admin.logentry", "pk": 8, "fields": {"action_time": "2024-04-27T08:31:18.542Z", "user": 1, "content_type": 7, "object_id": "7", "object_repr": "GreenBeans", "action_flag": 1, "change_message": "[{\"added\": {}}]"}}, {"model": "admin.logentry", "pk": 9, "fields": {"action_time": "2024-04-27T08:37:36.663Z", "user": 1, "content_type": 7, "object_id": "8", "object_repr": "Mashrooms", "action_flag": 1, "change_message": "[{\"added\": {}}]"}}, {"model": "admin.logentry", "pk": 10, "fields": {"action_time": "2024-04-27T08:42:19.510Z", "user": 1, "content_type": 7, "object_id": "9", "object_repr": "Tomatoes", "action_flag": 1, "change_message": "[{\"added\": {}}]"}}, {"model": "admin.logentry", "pk": 11, "fields": {"action_time": "2024-05-02T10:30:42.241Z", "user": 1, "content_type": 4, "object_id": "2", "object_repr": "Madam", "action_flag": 1, "change_message": "[{\"added\": {}}]"}}, {"model": "admin.logentry", "pk": 12, "fields": {"action_time": "2024-05-02T10:31:02.901Z", "user": 1, "content_type": 4, "object_id": "2", "object_repr": "Madam", "action_flag": 2, "change_message": "[{\"changed\": {\"fields\": [\"First name\", \"Email address\"]}}]"}}, {"model": "admin.logentry", "pk": 13, "fields": {"action_time": "2024-05-02T11:09:12.268Z", "user": 1, "content_type": 4, "object_id": "2", "object_repr": "Madam", "action_flag": 2, "change_message": "[]"}}, {"model": "admin.logentry", "pk": 14, "fields": {"action_time": "2024-05-02T15:29:33.714Z", "user": 1, "content_type": 4, "object_id": "1", "object_repr": "stardark394@gmail.com", "action_flag": 2, "change_message": "[]"}}, {"model": "admin.logentry", "pk": 15, "fields": {"action_time": "2024-05-09T18:12:49.576Z", "user": 1, "content_type": 7, "object_id": "10", "object_repr": "abc", "action_flag": 1, "change_message": "[{\"added\": {}}]"}}, {"model": "auth.permission", "pk": 1, "fields": {"name": "Can add log entry", "content_type": 1, "codename": "add_logentry"}}, {"model": "auth.permission", "pk": 2, "fields": {"name": "Can change log entry", "content_type": 1, "codename": "change_logentry"}}, {"model": "auth.permission", "pk": 3, "fields": {"name": "Can delete log entry", "content_type": 1, "codename": "delete_logentry"}}, {"model": "auth.permission", "pk": 4, "fields": {"name": "Can view log entry", "content_type": 1, "codename": "view_logentry"}}, {"model": "auth.permission", "pk": 5, "fields": {"name": "Can add permission", "content_type": 2, "codename": "add_permission"}}, {"model": "auth.permission", "pk": 6, "fields": {"name": "Can change permission", "content_type": 2, "codename": "change_permission"}}, {"model": "auth.permission", "pk": 7, "fields": {"name": "Can delete permission", "content_type": 2, "codename": "delete_permission"}}, {"model": "auth.permission", "pk": 8, "fields": {"name": "Can view permission", "content_type": 2, "codename": "view_permission"}}, {"model": "auth.permission", "pk": 9, "fields": {"name": "Can add group", "content_type": 3, "codename": "add_group"}}, {"model": "auth.permission", "pk": 10, "fields": {"name": "Can change group", "content_type": 3, "codename": "change_group"}}, {"model": "auth.permission", "pk": 11, "fields": {"name": "Can delete group", "content_type": 3, "codename": "delete_group"}}, {"model": "auth.permission", "pk": 12, "fields": {"name": "Can view group", "content_type": 3, "codename": "view_group"}}, {"model": "auth.permission", "pk": 13, "fields": {"name": "Can add user", "content_type": 4, "codename": "add_user"}}, {"model": "auth.permission", "pk": 14, "fields": {"name": "Can change user", "content_type": 4, "codename": "change_user"}}, {"model": "auth.permission", "pk": 15, "fields": {"name": "Can delete user", "content_type": 4, "codename": "delete_user"}}, {"model": "auth.permission", "pk": 16, "fields": {"name": "Can view user", "content_type": 4, "codename": "view_user"}}, {"model": "auth.permission", "pk": 17, "fields": {"name": "Can add content type", "content_type": 5, "codename": "add_contenttype"}}, {"model": "auth.permission", "pk": 18, "fields": {"name": "Can change content type", "content_type": 5, "codename": "change_contenttype"}}, {"model": "auth.permission", "pk": 19, "fields": {"name": "Can delete content type", "content_type": 5, "codename": "delete_contenttype"}}, {"model": "auth.permission", "pk": 20, "fields": {"name": "Can view content type", "content_type": 5, "codename": "view_contenttype"}}, {"model": "auth.permission", "pk": 21, "fields": {"name": "Can add session", "content_type": 6, "codename": "add_session"}}, {"model": "auth.permission", "pk": 22, "fields": {"name": "Can change session", "content_type": 6, "codename": "change_session"}}, {"model": "auth.permission", "pk": 23, "fields": {"name": "Can delete session", "content_type": 6, "codename": "delete_session"}}, {"model": "auth.permission", "pk": 24, "fields": {"name": "Can view session", "content_type": 6, "codename": "view_session"}}, {"model": "auth.permission", "pk": 25, "fields": {"name": "Can add product", "content_type": 7, "codename": "add_product"}}, {"model": "auth.permission", "pk": 26, "fields": {"name": "Can change product", "content_type": 7, "codename": "change_product"}}, {"model": "auth.permission", "pk": 27, "fields": {"name": "Can delete product", "content_type": 7, "codename": "delete_product"}}, {"model": "auth.permission", "pk": 28, "fields": {"name": "Can view product", "content_type": 7, "codename": "view_product"}}, {"model": "auth.permission", "pk": 29, "fields": {"name": "Can add order", "content_type": 8, "codename": "add_order"}}, {"model": "auth.permission", "pk": 30, "fields": {"name": "Can change order", "content_type": 8, "codename": "change_order"}}, {"model": "auth.permission", "pk": 31, "fields": {"name": "Can delete order", "content_type": 8, "codename": "delete_order"}}, {"model": "auth.permission", "pk": 32, "fields": {"name": "Can view order", "content_type": 8, "codename": "view_order"}}, {"model": "auth.permission", "pk": 33, "fields": {"name": "Can add shipping address", "content_type": 9, "codename": "add_shippingaddress"}}, {"model": "auth.permission", "pk": 34, "fields": {"name": "Can change shipping address", "content_type": 9, "codename": "change_shippingaddress"}}, {"model": "auth.permission", "pk": 35, "fields": {"name": "Can delete shipping address", "content_type": 9, "codename": "delete_shippingaddress"}}, {"model": "auth.permission", "pk": 36, "fields": {"name": "Can view shipping address", "content_type": 9, "codename": "view_shippingaddress"}}, {"model": "auth.permission", "pk": 37, "fields": {"name": "Can add order item", "content_type": 10, "codename": "add_orderitem"}}, {"model": "auth.permission", "pk": 38, "fields": {"name": "Can change order item", "content_type": 10, "codename": "change_orderitem"}}, {"model": "auth.permission", "pk": 39, "fields": {"name": "Can delete order item", "content_type": 10, "codename": "delete_orderitem"}}, {"model": "auth.permission", "pk": 40, "fields": {"name": "Can view order item", "content_type": 10, "codename": "view_orderitem"}}, {"model": "auth.permission", "pk": 41, "fields": {"name": "Can add review", "content_type": 11, "codename": "add_review"}}, {"model": "auth.permission", "pk": 42, "fields": {"name": "Can change review", "content_type": 11, "codename": "change_review"}}, {"model": "auth.permission", "pk": 43, "fields": {"name": "Can delete review", "content_type": 11, "codename": "delete_review"}}, {"model": "auth.permission", "pk": 44, "fields": {"name": "Can view review", "content_type": 11, "codename": "view_review"}}, {"model": "auth.user", "pk": 1, "fields": {"password": "pbkdf2_sha256$720000$XGzQLvePxKe1DqfihrpAGs$S1d5zZl4Ld9d88wf5Dce3KmKtg+gJPNESpZmwFae3OA=", "last_login": "2024-05-09T18:12:25.759Z", "is_superuser": true, "username": "stardark394@gmail.com", "first_name": "Rumman", "last_name": "", "email": "stardark394@gmail.com", "is_staff": true, "is_active": true, "date_joined": "2024-04-25T13:31:48Z", "groups": [], "user_permissions": []}}, {"model": "auth.user", "pk": 2, "fields": {"password": "pbkdf2_sha256$720000$ZufDD90uiYolsf3yZHXDcT$lTLLz4fXbrOXYzvM2HgCKbisuEc95Vc9RAmS1fZNHYM=", "last_login": null, "is_superuser": false, "username": "Madam", "first_name": "nik", "last_name": "", "email": "nik@mail.com", "is_staff": false, "is_active": true, "date_joined": "2024-05-02T10:30:42Z", "groups": [], "user_permissions": []}}, {"model": "auth.user", "pk": 3, "fields": {"password": "pbkdf2_sha256$720000$oV1wpoi7zNyGNk7h05fmlf$U3brtb1xHGuju93ZGhXFXOMOUfwouX5E2joxOm+zrMY=", "last_login": null, "is_superuser": false, "username": "kitty@mail.com", "first_name": "kitty", "last_name": "", "email": "kitty@mail.com", "is_staff": false, "is_active": true, "date_joined": "2024-05-02T10:42:46.874Z", "groups": [], "user_permissions": []}}, {"model": "auth.user", "pk": 4, "fields": {"password": "pbkdf2_sha256$720000$oKNPuq7Zn13nzL1nDF7qSI$d1R8r2ZBb7ogZ0qV0D68B7JXFSl21vvE2Tpp+qBLO48=", "last_login": null, "is_superuser": false, "username": "hello@mail.com", "first_name": "hello", "last_name": "", "email": "hello@mail.com", "is_staff": false, "is_active": true, "date_joined": "2024-05-02T10:45:03.496Z", "groups": [], "user_permissions": []}}, {"model": "auth.user", "pk": 5, "fields": {"password": "pbkdf2_sha256$720000$UtOaeDDVJqPwaF1AXn3dTx$El/wIOHbSVSRQMXSA5LtGmGBy3N3wB52wu0P2bAT+es=", "last_login": null, "is_superuser": false, "username": "hello1@mail.com", "first_name": "hello", "last_name": "", "email": "hello1@mail.com", "is_staff": false, "is_active": true, "date_joined": "2024-05-02T10:45:16.355Z", "groups": [], "user_permissions": []}}, {"model": "contenttypes.contenttype", "pk": 1, "fields": {"app_label": "admin", "model": "logentry"}}, {"model": "contenttypes.contenttype", "pk": 2, "fields": {"app_label": "auth", "model": "permission"}}, {"model": "contenttypes.contenttype", "pk": 3, "fields": {"app_label": "auth", "model": "group"}}, {"model": "contenttypes.contenttype", "pk": 4, "fields": {"app_label": "auth", "model": "user"}}, {"model": "contenttypes.contenttype", "pk": 5, "fields": {"app_label": "contenttypes", "model": "contenttype"}}, {"model": "contenttypes.contenttype", "pk": 6, "fields": {"app_label": "sessions", "model": "session"}}, {"model": "contenttypes.contenttype", "pk": 7, "fields": {"app_label": "base", "model": "product"}}, {"model": "contenttypes.contenttype", "pk": 8, "fields": {"app_label": "base", "model": "order"}}, {"model": "contenttypes.contenttype", "pk": 9, "fields": {"app_label": "base", "model": "shippingaddress"}}, {"model": "contenttypes.contenttype", "pk": 10, "fields": {"app_label": "base", "model": "orderitem"}}, {"model": "contenttypes.contenttype", "pk": 11, "fields": {"app_label": "base", "model": "review"}}, {"model": "sessions.session", "pk": "oav1rsf9jj4cfttdtknyv7jy3u3k8xwx", "fields": {"session_data": ".eJxVjDsOwjAQRO_iGln-rBNMSc8ZrN3sGgdQLMVJhbg7iZQCppz3Zt4q4bqUtDaZ08jqoqw6_XaEw1OmHfADp3vVQ52WeSS9K_qgTd8qy-t6uH8HBVvZ1iFaOW8RiuCQEMkAx9BnE_suBCOSIUcAtgwQxBnuyFnvgkHvnXHq8wXYYjcN:1rzzDS:fFSnUE3DtFtOnnTs3HCdKJmhN7seJsREzNb_7d0AORU", "expire_date": "2024-05-09T13:32:46.244Z"}}, {"model": "sessions.session", "pk": "uwg530msqrgc34efzjpxwyf9xfsfbvvi", "fields": {"session_data": ".eJxVjDsOwjAQRO_iGln-rBNMSc8ZrN3sGgdQLMVJhbg7iZQCppz3Zt4q4bqUtDaZ08jqoqw6_XaEw1OmHfADp3vVQ52WeSS9K_qgTd8qy-t6uH8HBVvZ1iFaOW8RiuCQEMkAx9BnE_suBCOSIUcAtgwQxBnuyFnvgkHvnXHq8wXYYjcN:1s58Fl:T0j7H3mJUExsnvyCMKG1Qsorrb1Jm9rBSEoO8DFmLto", "expire_date": "2024-05-23T18:12:25.761Z"}}, {"model": "base.product", "pk": 2, "fields": {"user": 1, "name": "Banana", "image": "kola.jpg", "brand": "Fruit", "category": "Fruit", "description": "Fruit", "rating": "4.50", "numReviews": 12, "price": "10.00", "countInStock": 970, "createdAt": "2024-04-27T08:13:55.889Z"}}, {"model": "base.product", "pk": 3, "fields": {"user": 1, "name": "Cabbage", "image": "cabbage.jpg", "brand": "Fruit", "category": "Fruit", "description": "Fruit", "rating": "5.00", "numReviews": 100, "price": "20.00", "countInStock": 987, "createdAt": "2024-04-27T08:15:05.595Z"}}, {"model": "base.product", "pk": 4, "fields": {"user": 1, "name": "Carrots", "image": "carrots.jpg", "brand": "Fruit", "category": "Fruit", "description": "Fruit", "rating": "3.00", "numReviews": 1, "price": "15.00", "countInStock": 95, "createdAt": "2024-04-27T08:16:19.608Z"}}, {"model": "base.product", "pk": 5, "fields": {"user": 1, "name": "Eggplant", "image": "eggplant.jpg", "brand": "Fruit", "category": "Fruit", "description": "Fruit", "rating": "4.80", "numReviews": 12, "price": "20.00", "countInStock": 122, "createdAt": "2024-04-27T08:17:37.797Z"}}, {"model": "base.product", "pk": 6, "fields": {"user": 1, "name": "Garlic", "image": "garlic.jpg", "brand": "Fruit", "category": "Fruit", "description": "Fruit", "rating": "3.80", "numReviews": 13, "price": "15.00", "countInStock": 10, "createdAt": "2024-04-27T08:19:30.836Z"}}, {"model": "base.product", "pk": 7, "fields": {"user": 1, "name": "GreenBeans", "image": "greenbeans.jpg", "brand": "Fruit", "category": "Fruit", "description": "Fruit", "rating": "4.90", "numReviews": 12, "price": "18.00", "countInStock": 500, "createdAt": "2024-04-27T08:31:18.541Z"}}, {"model": "base.product", "pk": 8, "fields": {"user": 1, "name": "Mashrooms", "image": "mashrooms.jpg", "brand": "Fruit", "category": "Fruit", "description": "Fruit", "rating": "4.90", "numReviews": 12, "price": "15.00", "countInStock": 200, "createdAt": "2024-04-27T08:37:36.661Z"}}, {"model": "base.product", "pk": 9, "fields": {"user": 1, "name": "Tomatoes", "image": "tomatos.jpg", "brand": "Fruit", "category": "Fruit", "description": "Fruit", "rating": "3.80", "numReviews": 12, "price": "25.00", "countInStock": 300, "createdAt": "2024-04-27T08:42:19.509Z"}}, {"model": "base.review", "pk": 1, "fields": {"product": 4, "user": 1, "name": "Rumman", "rating": 3, "comment": "good product", "createdAt": "2024-05-13T09:15:03.112Z"}}, {"model": "base.review", "pk": 2, "fields": {"product": null, "user": 1, "name": "Rumman", "rating": 3, "comment": "shei  mama", "createdAt": "2024-05-13T10:21:57.207Z"}}, {"model": "base.order", "pk": 1, "fields": {"user": 1, "paymentMethod": "PayPal", "taxPrice": "1.75", "shippingPrice": "10.00", "totalPrice": "46.75", "isPaid": false, "paidAt": null, "isDelivered": true, "deliveredAt": "2024-05-13T15:33:02.308Z", "createdAt": "2024-05-05T14:38:17.962Z"}}, {"model": "base.order", "pk": 2, "fields": {"user": 1, "paymentMethod": "PayPal", "taxPrice": "1.75", "shippingPrice": "10.00", "totalPrice": "46.75", "isPaid": false, "paidAt": null, "isDelivered": true, "deliveredAt": "2024-05-13T15:33:02.308Z", "createdAt": "2024-05-05T17:15:47.093Z"}}, {"model": "base.order", "pk": 3, "fields": {"user": 1, "paymentMethod": "PayPal", "taxPrice": "1.75", "shippingPrice": "10.00", "totalPrice": "46.75", "isPaid": false, "paidAt": null, "isDelivered": true, "deliveredAt": "2024-05-13T15:33:02.308Z", "createdAt": "2024-05-05T17:15:53.225Z"}}, {"model": "base.order", "pk": 4, "fields": {"user": 1, "paymentMethod": "PayPal", "taxPrice": "1.75", "shippingPrice": "10.00", "totalPrice": "46.75", "isPaid": false, "paidAt": null, "isDelivered": true, "deliveredAt": "2024-05-13T15:33:02.308Z", "createdAt": "2024-05-05T17:16:18.182Z"}}, {"model": "base.order", "pk": 5, "fields": {"user": 1, "paymentMethod": "PayPal", "taxPrice": "1.00", "shippingPrice": "10.00", "totalPrice": "31.00", "isPaid": false, "paidAt": null, "isDelivered": true, "deliveredAt": "2024-05-13T15:33:02.308Z", "createdAt": "2024-05-05T17:42:15.833Z"}}, {"model": "base.order", "pk": 6, "fields": {"user": 1, "paymentMethod": "PayPal", "taxPrice": "0.50", "shippingPrice": "10.00", "totalPrice": "20.50", "isPaid": false, "paidAt": null, "isDelivered": true, "deliveredAt": "2024-05-13T15:33:02.308Z", "createdAt": "2024-05-05T17:47:04.608Z"}}, {"model": "base.order", "pk": 7, "fields": {"user": 1, "paymentMethod": "PayPal", "taxPrice": "0.50", "shippingPrice": "10.00", "totalPrice": "20.50", "isPaid": false, "paidAt": null, "isDelivered": true, "deliveredAt": "2024-05-13T15:33:02.308Z", "createdAt": "2024-05-05T17:47:06.978Z"}}, {"model": "base.order", "pk": 8, "fields": {"user": 1, "paymentMethod": "PayPal", "taxPrice": "0.50", "shippingPrice": "10.00", "totalPrice": "20.50", "isPaid": false, "paidAt": null, "isDelivered": true, "deliveredAt": "2024-05-13T15:33:02.308Z", "createdAt": "2024-05-05T17:50:54.648Z"}}, {"model": "base.order", "pk": 9, "fields": {"user": 1, "paymentMethod": "PayPal", "taxPrice": "0.50", "shippingPrice": "10.00", "totalPrice": "20.50", "isPaid": false, "paidAt": null, "isDelivered": true, "deliveredAt": "2024-05-13T15:33:02.308Z", "createdAt": "2024-05-05T17:53:52.189Z"}}, {"model": "base.order", "pk": 10, "fields": {"user": 1, "paymentMethod": "PayPal", "taxPrice": "5.00", "shippingPrice": "10.00", "totalPrice": "115.00", "isPaid": false, "paidAt": null, "isDelivered": true, "deliveredAt": "2024-05-13T15:33:02.308Z", "createdAt": "2024-05-05T17:57:42.291Z"}}, {"model": "base.order", "pk": 11, "fields": {"user": 1, "paymentMethod": "PayPal", "taxPrice": "0.75", "shippingPrice": "10.00", "totalPrice": "25.75", "isPaid": false, "paidAt": null, "isDelivered": true, "deliveredAt": "2024-05-13T15:33:02.308Z", "createdAt": "2024-05-06T07:06:29.557Z"}}, {"model": "base.order", "pk": 12, "fields": {"user": 1, "paymentMethod": "PayPal", "taxPrice": "1.00", "shippingPrice": "10.00", "totalPrice": "31.00", "isPaid": false, "paidAt": null, "isDelivered": true, "deliveredAt": "2024-05-13T15:33:02.308Z", "createdAt": "2024-05-06T07:10:29.980Z"}}, {"model": "base.order", "pk": 13, "fields": {"user": 1, "paymentMethod": "PayPal", "taxPrice": "1.00", "shippingPrice": "10.00", "totalPrice": "31.00", "isPaid": false, "paidAt": null, "isDelivered": true, "deliveredAt": "2024-05-13T15:33:02.308Z", "createdAt": "2024-05-06T08:17:40.490Z"}}, {"model": "base.order", "pk": 14, "fields": {"user": 1, "paymentMethod": "PayPal", "taxPrice": "1.00", "shippingPrice": "10.00", "totalPrice": "31.00", "isPaid": false, "paidAt": null, "isDelivered": true, "deliveredAt": "2024-05-13T15:33:02.308Z", "createdAt": "2024-05-06T08:26:51.145Z"}}, {"model": "base.order", "pk": 15, "fields": {"user": 1, "paymentMethod": "PayPal", "taxPrice": "28.50", "shippingPrice": "0.00", "totalPrice": "598.50", "isPaid": false, "paidAt": null, "isDelivered": true, "deliveredAt": "2024-05-13T15:33:02.308Z", "createdAt": "2024-05-06T08:27:19.596Z"}}, {"model": "base.order", "pk": 16, "fields": {"user": 1, "paymentMethod": "PayPal", "taxPrice": "1.00", "shippingPrice": "10.00", "totalPrice": "31.00", "isPaid": false, "paidAt": null, "isDelivered": true, "deliveredAt": "2024-05-13T15:33:02.308Z", "createdAt": "2024-05-06T09:05:35.776Z"}}, {"model": "base.order", "pk": 17, "fields": {"user": 1, "paymentMethod": "PayPal", "taxPrice": "0.50", "shippingPrice": "10.00", "totalPrice": "20.50", "isPaid": false, "paidAt": null, "isDelivered": true, "deliveredAt": "2024-05-13T15:33:02.308Z", "createdAt": "2024-05-06T09:14:03.060Z"}}, {"model": "base.order", "pk": 18, "fields": {"user": 1, "paymentMethod": "Bkash", "taxPrice": "0.50", "shippingPrice": "10.00", "totalPrice": "20.50", "isPaid": false, "paidAt": null, "isDelivered": true, "deliveredAt": "2024-05-13T15:33:02.308Z", "createdAt": "2024-05-06T11:28:07.550Z"}}, {"model": "base.order", "pk": 19, "fields": {"user": 1, "paymentMethod": "Bkash", "taxPrice": "0.50", "shippingPrice": "10.00", "totalPrice": "20.50", "isPaid": false, "paidAt": null, "isDelivered": true, "deliveredAt": "2024-05-13T15:33:02.308Z", "createdAt": "2024-05-06T18:18:42.102Z"}}, {"model": "base.order", "pk": 20, "fields": {"user": 1, "paymentMethod": "Bkash", "taxPrice": "0.50", "shippingPrice": "10.00", "totalPrice": "20.50", "isPaid": false, "paidAt": null, "isDelivered": true, "deliveredAt": "2024-05-13T15:33:02.308Z", "createdAt": "2024-05-12T17:37:56.603Z"}}, {"model": "base.order", "pk": 21, "fields": {"user": 1, "paymentMethod": "Bkash", "taxPrice": "1.00", "shippingPrice": "10.00", "totalPrice": "31.00", "isPaid": false, "paidAt": null, "isDelivered": true, "deliveredAt": "2024-05-13T15:32:29.549Z", "createdAt": "2024-05-13T15:32:29.549Z"}}, {"model": "base.order", "pk": 22, "fields": {"user": 1, "paymentMethod": "Bkash", "taxPrice": "1.00", "shippingPrice": "10.00", "totalPrice": "31.00", "isPaid": false, "paidAt": null, "isDelivered": true, "deliveredAt": "2024-05-13T15:37:46.904Z", "createdAt": "2024-05-13T15:37:45.434Z"}}, {"model": "base.order", "pk": 23, "fields": {"user": 1, "paymentMethod": "Bkash", "taxPrice": "1.00", "shippingPrice": "10.00", "totalPrice": "31.00", "isPaid": false, "paidAt": null, "isDelivered": true, "deliveredAt": "2024-05-13T15:44:13.898Z", "createdAt": "2024-05-13T15:44:12.070Z"}}, {"model": "base.order", "pk": 24, "fields": {"user": 1, "paymentMethod": "Bkash", "taxPrice": "1.00", "shippingPrice": "10.00", "totalPrice": "31.00", "isPaid": false, "paidAt": null, "isDelivered": false, "deliveredAt": null, "createdAt": "2024-05-14T18:56:09.059Z"}}, {"model": "base.orderitem", "pk": 1, "fields": {"product": 3, "order": 1, "name": "Cabbage", "qty": 1, "price": "20.00", "image": "/images/cabbage.jpg"}}, {"model": "base.orderitem", "pk": 2, "fields": {"product": 4, "order": 1, "name": "Carrots", "qty": 1, "price": "15.00", "image": "/images/carrots.jpg"}}, {"model": "base.orderitem", "pk": 3, "fields": {"product": 3, "order": 2, "name": "Cabbage", "qty": 1, "price": "20.00", "image": "/images/cabbage.jpg"}}, {"model": "base.orderitem", "pk": 4, "fields": {"product": 4, "order": 2, "name": "Carrots", "qty": 1, "price": "15.00", "image": "/images/carrots.jpg"}}, {"model": "base.orderitem", "pk": 5, "fields": {"product": 3, "order": 3, "name": "Cabbage", "qty": 1, "price": "20.00", "image": "/images/cabbage.jpg"}}, {"model": "base.orderitem", "pk": 6, "fields": {"product": 4, "order": 3, "name": "Carrots", "qty": 1, "price": "15.00", "image": "/images/carrots.jpg"}}, {"model": "base.orderitem", "pk": 7, "fields": {"product": 3, "order": 4, "name": "Cabbage", "qty": 1, "price": "20.00", "image": "/images/cabbage.jpg"}}, {"model": "base.orderitem", "pk": 8, "fields": {"product": 4, "order": 4, "name": "Carrots", "qty": 1, "price": "15.00", "image": "/images/carrots.jpg"}}, {"model": "base.orderitem", "pk": 9, "fields": {"product": 3, "order": 5, "name": "Cabbage", "qty": 1, "price": "20.00", "image": "/images/cabbage.jpg"}}, {"model": "base.orderitem", "pk": 10, "fields": {"product": 2, "order": 6, "name": "Banana", "qty": 1, "price": "10.00", "image": "/images/kola.jpg"}}, {"model": "base.orderitem", "pk": 11, "fields": {"product": 2, "order": 7, "name": "Banana", "qty": 1, "price": "10.00", "image": "/images/kola.jpg"}}, {"model": "base.orderitem", "pk": 12, "fields": {"product": 2, "order": 8, "name": "Banana", "qty": 1, "price": "10.00", "image": "/images/kola.jpg"}}, {"model": "base.orderitem", "pk": 13, "fields": {"product": 2, "order": 9, "name": "Banana", "qty": 1, "price": "10.00", "image": "/images/kola.jpg"}}, {"model": "base.orderitem", "pk": 14, "fields": {"product": 2, "order": 10, "name": "Banana", "qty": 10, "price": "10.00", "image": "/images/kola.jpg"}}, {"model": "base.orderitem", "pk": 15, "fields": {"product": 4, "order": 11, "name": "Carrots", "qty": 1, "price": "15.00", "image": "/images/carrots.jpg"}}, {"model": "base.orderitem", "pk": 16, "fields": {"product": 3, "order": 12, "name": "Cabbage", "qty": 1, "price": "20.00", "image": "/images/cabbage.jpg"}}, {"model": "base.orderitem", "pk": 17, "fields": {"product": 3, "order": 13, "name": "Cabbage", "qty": 1, "price": "20.00", "image": "/images/cabbage.jpg"}}, {"model": "base.orderitem", "pk": 18, "fields": {"product": 3, "order": 14, "name": "Cabbage", "qty": 1, "price": "20.00", "image": "/images/cabbage.jpg"}}, {"model": "base.orderitem", "pk": 19, "fields": {"product": 2, "order": 15, "name": "Banana", "qty": 12, "price": "10.00", "image": "/images/kola.jpg"}}, {"model": "base.orderitem", "pk": 20, "fields": {"product": 6, "order": 15, "name": "Garlic", "qty": 30, "price": "15.00", "image": "/images/garlic.jpg"}}, {"model": "base.orderitem", "pk": 21, "fields": {"product": 3, "order": 16, "name": "Cabbage", "qty": 1, "price": "20.00", "image": "/images/cabbage.jpg"}}, {"model": "base.orderitem", "pk": 22, "fields": {"product": 2, "order": 17, "name": "Banana", "qty": 1, "price": "10.00", "image": "/images/kola.jpg"}}, {"model": "base.orderitem", "pk": 23, "fields": {"product": 2, "order": 18, "name": "Banana", "qty": 1, "price": "10.00", "image": "/images/kola.jpg"}}, {"model": "base.orderitem", "pk": 24, "fields": {"product": 2, "order": 19, "name": "Banana", "qty": 1, "price": "10.00", "image": "/images/kola.jpg"}}, {"model": "base.orderitem", "pk": 25, "fields": {"product": 2, "order": 20, "name": "Banana", "qty": 1, "price": "10.00", "image": "/images/kola.jpg"}}, {"model": "base.orderitem", "pk": 26, "fields": {"product": 3, "order": 21, "name": "Cabbage", "qty": 1, "price": "20.00", "image": "/images/cabbage.jpg"}}, {"model": "base.orderitem", "pk": 27, "fields": {"product": 3, "order": 22, "name": "Cabbage", "qty": 1, "price": "20.00", "image": "/images/cabbage.jpg"}}, {"model": "base.orderitem", "pk": 28, "fields": {"product": 3, "order": 23, "name": "Cabbage", "qty": 1, "price": "20.00", "image": "/images/cabbage.jpg"}}, {"model": "base.orderitem", "pk": 29, "fields": {"product": 3, "order": 24, "name": "Cabbage", "qty": 1, "price": "20.00", "image": "/images/cabbage.jpg"}}, {"model": "base.shippingaddress", "pk": 1, "fields": {"order": 1, "address": "120/23 , Kobi Benojir Bagan , Shajahanpur ,", "city": "Dhaka", "postalCode": "1217", "country": "Bangladesh", "shippingPrice": null}}, {"model": "base.shippingaddress", "pk": 2, "fields": {"order": 2, "address": "120/23 , Kobi Benojir Bagan , Shajahanpur ,", "city": "Dhaka", "postalCode": "1217", "country": "Bangladesh", "shippingPrice": null}}, {"model": "base.shippingaddress", "pk": 3, "fields": {"order": 3, "address": "120/23 , Kobi Benojir Bagan , Shajahanpur ,", "city": "Dhaka", "postalCode": "1217", "country": "Bangladesh", "shippingPrice": null}}, {"model": "base.shippingaddress", "pk": 4, "fields": {"order": 4, "address": "120/23 , Kobi Benojir Bagan , Shajahanpur ,", "city": "Dhaka", "postalCode": "1217", "country": "Bangladesh", "shippingPrice": null}}, {"model": "base.shippingaddress", "pk": 5, "fields": {"order": 5, "address": "120/23 , Kobi Benojir Bagan , Shajahanpur ,", "city": "Dhaka", "postalCode": "1217", "country": "Bangladesh", "shippingPrice": null}}, {"model": "base.shippingaddress", "pk": 6, "fields": {"order": 6, "address": "120/23 , Kobi Benojir Bagan , Shajahanpur ,", "city": "Dhaka", "postalCode": "1217", "country": "Bangladesh", "shippingPrice": null}}, {"model": "base.shippingaddress", "pk": 7, "fields": {"order": 7, "address": "120/23 , Kobi Benojir Bagan , Shajahanpur ,", "city": "Dhaka", "postalCode": "1217", "country": "Bangladesh", "shippingPrice": null}}, {"model": "base.shippingaddress", "pk": 8, "fields": {"order": 8, "address": "120/23 , Kobi Benojir Bagan , Shajahanpur ,", "city": "Dhaka", "postalCode": "1217", "country": "Bangladesh", "shippingPrice": null}}, {"model": "base.shippingaddress", "pk": 9, "fields": {"order": 9, "address": "120/23 , Kobi Benojir Bagan , Shajahanpur ,", "city": "Dhaka", "postalCode": "1217", "country": "Bangladesh", "shippingPrice": null}}, {"model": "base.shippingaddress", "pk": 10, "fields": {"order": 10, "address": "120/23 , Kobi Benojir Bagan , Shajahanpur ,", "city": "Dhaka", "postalCode": "1217", "country": "Bangladesh", "shippingPrice": null}}, {"model": "base.shippingaddress", "pk": 11, "fields": {"order": 11, "address": "120/23 , Kobi Benojir Bagan , Shajahanpur ,", "city": "Dhaka", "postalCode": "1217", "country": "Bangladesh", "shippingPrice": null}}, {"model": "base.shippingaddress", "pk": 12, "fields": {"order": 12, "address": "120/23 , Kobi Benojir Bagan , Shajahanpur ,", "city": "Dhaka", "postalCode": "1217", "country": "Bangladesh", "shippingPrice": null}}, {"model": "base.shippingaddress", "pk": 13, "fields": {"order": 13, "address": "120/23 , Kobi Benojir Bagan , Shajahanpur ,", "city": "Dhaka", "postalCode": "1217", "country": "Bangladesh", "shippingPrice": null}}, {"model": "base.shippingaddress", "pk": 14, "fields": {"order": 14, "address": "120/23 , Kobi Benojir Bagan , Shajahanpur ,", "city": "Dhaka", "postalCode": "1217", "country": "Bangladesh", "shippingPrice": null}}, {"model": "base.shippingaddress", "pk": 15, "fields": {"order": 15, "address": "120/23 , Kobi Benojir Bagan , Shajahanpur ,", "city": "Dhaka", "postalCode": "1217", "country": "Bangladesh", "shippingPrice": null}}, {"model": "base.shippingaddress", "pk": 16, "fields": {"order": 16, "address": "120/23 , Kobi Benojir Bagan , Shajahanpur ,", "city": "Dhaka", "postalCode": "1217", "country": "Bangladesh", "shippingPrice": null}}, {"model": "base.shippingaddress", "pk": 17, "fields": {"order": 17, "address": "120/23 , Kobi Benojir Bagan , Shajahanpur ,", "city": "Dhaka", "postalCode": "1217", "country": "Bangladesh", "shippingPrice": null}}, {"model": "base.shippingaddress", "pk": 18, "fields": {"order": 18, "address": "120/23 , Kobi Benojir Bagan , Shajahanpur ,", "city": "Dhaka", "postalCode": "1217", "country": "Bangladesh", "shippingPrice": null}}, {"model": "base.shippingaddress", "pk": 19, "fields": {"order": 19, "address": "120/23 , Kobi Benojir Bagan , Shajahanpur ,", "city": "Dhaka", "postalCode": "1217", "country": "Bangladesh", "shippingPrice": null}}, {"model": "base.shippingaddress", "pk": 20, "fields": {"order": 20, "address": "120/23 , Kobi Benojir Bagan , Shajahanpur ,", "city": "Dhaka", "postalCode": "1217", "country": "Bangladesh", "shippingPrice": null}}, {"model": "base.shippingaddress", "pk": 21, "fields": {"order": 21, "address": "120/23 , Kobi Benojir Bagan , Shajahanpur ,", "city": "Dhaka", "postalCode": "1217", "country": "Bangladesh", "shippingPrice": null}}, {"model": "base.shippingaddress", "pk": 22, "fields": {"order": 22, "address": "120/23 , Kobi Benojir Bagan , Shajahanpur ,", "city": "Dhaka", "postalCode": "1217", "country": "Bangladesh", "shippingPrice": null}}, {"model": "base.shippingaddress", "pk": 23, "fields": {"order": 23, "address": "120/23 , Kobi Benojir Bagan , Shajahanpur ,", "city": "Dhaka", "postalCode": "1217", "country": "Bangladesh", "shippingPrice": null}}, {"model": "base.shippingaddress", "pk": 24, "fields": {"order": 24, "address": "a", "city": "b", "postalCode": "12", "country": "ab", "shippingPrice": null}}]